ui_path,object_id,widget_class,policy,notification_profile,exclusion_reason
basctl/uiconfig/basicide/ui/basicmacrodialog.ui,BasicMacroDialog,GtkDialog,bottom-right-notification-form,default,
basctl/uiconfig/basicide/ui/colorscheme.ui,ColorSchemeDialog,GtkDialog,bottom-right-notification-form,default,
basctl/uiconfig/basicide/ui/defaultlanguage.ui,DefaultLanguageDialog,GtkDialog,bottom-right-notification-form,default,
basctl/uiconfig/basicide/ui/deletelangdialog.ui,DeleteLangDialog,GtkMessageDialog,bottom-right-notification-form,default,
basctl/uiconfig/basicide/ui/exportdialog.ui,ExportDialog,GtkDialog,bottom-right-notification-form,default,
basctl/uiconfig/basicide/ui/gotolinedialog.ui,GotoLineDialog,GtkDialog,bottom-right-notification-form,default,
basctl/uiconfig/basicide/ui/importlibdialog.ui,ImportLibDialog,GtkDialog,bottom-right-notification-form,default,
basctl/uiconfig/basicide/ui/managebreakpoints.ui,ManageBreakpointsDialog,GtkDialog,bottom-right-notification-form,default,
basctl/uiconfig/basicide/ui/managelanguages.ui,ManageLanguagesDialog,GtkDialog,bottom-right-notification-form,default,
basctl/uiconfig/basicide/ui/newlibdialog.ui,NewLibDialog,GtkDialog,bottom-right-notification-form,default,
basctl/uiconfig/basicide/ui/organizedialog.ui,OrganizeDialog,GtkDialog,bottom-right-notification-form,default,
chart2/uiconfig/ui/3dviewdialog.ui,3DViewDialog,GtkDialog,bottom-right-notification-form,default,
chart2/uiconfig/ui/attributedialog.ui,AttributeDialog,GtkDialog,bottom-right-notification-form,default,
chart2/uiconfig/ui/chardialog.ui,CharDialog,GtkDialog,bottom-right-notification-form,default,
chart2/uiconfig/ui/chartdatadialog.ui,ChartDataDialog,GtkDialog,bottom-right-notification-form,default,
chart2/uiconfig/ui/charttypedialog.ui,ChartTypeDialog,GtkDialog,bottom-right-notification-form,default,
chart2/uiconfig/ui/datarangedialog.ui,DataRangeDialog,GtkDialog,bottom-right-notification-form,default,
chart2/uiconfig/ui/dlg_DataLabel.ui,dlg_DataLabels,GtkDialog,bottom-right-notification-form,default,
chart2/uiconfig/ui/dlg_InsertDataTable.ui,InsertDataTableDialog,GtkDialog,bottom-right-notification-form,default,
chart2/uiconfig/ui/dlg_InsertErrorBars.ui,dlg_InsertErrorBars,GtkDialog,bottom-right-notification-form,default,
chart2/uiconfig/ui/dlg_InsertLegend.ui,dlg_InsertLegend,GtkDialog,bottom-right-notification-form,default,
chart2/uiconfig/ui/insertaxisdlg.ui,InsertAxisDialog,GtkDialog,bottom-right-notification-form,default,
chart2/uiconfig/ui/insertgriddlg.ui,InsertGridDialog,GtkDialog,bottom-right-notification-form,default,
chart2/uiconfig/ui/inserttitledlg.ui,InsertTitleDialog,GtkDialog,bottom-right-notification-form,default,
chart2/uiconfig/ui/paradialog.ui,ParagraphDialog,GtkDialog,bottom-right-notification-form,default,
chart2/uiconfig/ui/smoothlinesdlg.ui,SmoothLinesDialog,GtkDialog,bottom-right-notification-form,default,
chart2/uiconfig/ui/steppedlinesdlg.ui,SteppedLinesDialog,GtkDialog,bottom-right-notification-form,default,
cui/uiconfig/ui/aboutconfigdialog.ui,AboutConfig,GtkDialog,bottom-right-notification-form,default,
cui/uiconfig/ui/aboutdialog.ui,AboutDialog,GtkDialog,bottom-right-notification-form,default,
cui/uiconfig/ui/additionsdialog.ui,AdditionsDialog,GtkDialog,bottom-right-notification-form,default,
cui/uiconfig/ui/agingdialog.ui,AgingDialog,GtkDialog,bottom-right-notification-form,default,
cui/uiconfig/ui/areadialog.ui,AreaDialog,GtkDialog,bottom-right-notification-form,default,
cui/uiconfig/ui/assigncomponentdialog.ui,AssignComponent,GtkDialog,bottom-right-notification-form,default,
cui/uiconfig/ui/autocorrectdialog.ui,AutoCorrectDialog,GtkDialog,bottom-right-notification-form,default,
cui/uiconfig/ui/baselinksdialog.ui,BaseLinksDialog,GtkDialog,bottom-right-notification-form,default,
cui/uiconfig/ui/borderareatransparencydialog.ui,BorderAreaTransparencyDialog,GtkDialog,bottom-right-notification-form,default,
cui/uiconfig/ui/borderbackgrounddialog.ui,BorderBackgroundDialog,GtkDialog,bottom-right-notification-form,default,
cui/uiconfig/ui/breaknumberoption.ui,BreakNumberOption,GtkDialog,bottom-right-notification-form,default,
cui/uiconfig/ui/bulletandposition.ui,BulletAndPosition,GtkDialog,bottom-right-notification-form,default,
cui/uiconfig/ui/calloutdialog.ui,CalloutDialog,GtkDialog,bottom-right-notification-form,default,
cui/uiconfig/ui/certdialog.ui,CertDialog,GtkDialog,bottom-right-notification-form,default,
cui/uiconfig/ui/colorpickerdialog.ui,ColorPicker,GtkDialog,bottom-right-notification-form,default,
cui/uiconfig/ui/comment.ui,CommentDialog,GtkDialog,bottom-right-notification-form,default,
cui/uiconfig/ui/cuiimapdlg.ui,IMapDialog,GtkDialog,bottom-right-notification-form,default,
cui/uiconfig/ui/customizedialog.ui,CustomizeDialog,GtkDialog,bottom-right-notification-form,default,
cui/uiconfig/ui/databaselinkdialog.ui,DatabaseLinkDialog,GtkDialog,bottom-right-notification-form,default,
cui/uiconfig/ui/diagramdialog.ui,DiagramDialog,GtkDialog,bottom-right-notification-form,default,
cui/uiconfig/ui/editdictionarydialog.ui,EditDictionaryDialog,GtkDialog,bottom-right-notification-form,default,
cui/uiconfig/ui/editmodulesdialog.ui,EditModulesDialog,GtkDialog,bottom-right-notification-form,default,
cui/uiconfig/ui/embossdialog.ui,EmbossDialog,GtkDialog,bottom-right-notification-form,default,
cui/uiconfig/ui/eventassigndialog.ui,EventAssignDialog,GtkDialog,bottom-right-notification-form,default,
cui/uiconfig/ui/fileextcheckdialog.ui,FileExtCheckDialog,GtkDialog,bottom-right-notification-form,default,
cui/uiconfig/ui/fmsearchdialog.ui,RecordSearchDialog,GtkDialog,bottom-right-notification-form,default,
cui/uiconfig/ui/fontfeaturesdialog.ui,FontFeaturesDialog,GtkDialog,bottom-right-notification-form,default,
cui/uiconfig/ui/formatcellsdialog.ui,FormatCellsDialog,GtkDialog,bottom-right-notification-form,default,
cui/uiconfig/ui/formatnumberdialog.ui,FormatNumberDialog,GtkDialog,bottom-right-notification-form,default,
cui/uiconfig/ui/galleryapplyprogress.ui,GalleryApplyProgress,GtkDialog,bottom-right-notification-form,default,
cui/uiconfig/ui/gallerysearchprogress.ui,GallerySearchProgress,GtkDialog,bottom-right-notification-form,default,
cui/uiconfig/ui/gallerythemedialog.ui,GalleryThemeDialog,GtkDialog,bottom-right-notification-form,default,
cui/uiconfig/ui/gallerythemeiddialog.ui,GalleryThemeIDDialog,GtkDialog,bottom-right-notification-form,default,
cui/uiconfig/ui/gallerytitledialog.ui,GalleryTitleDialog,GtkDialog,bottom-right-notification-form,default,
cui/uiconfig/ui/galleryupdateprogress.ui,GalleryUpdateProgress,GtkDialog,bottom-right-notification-form,default,
cui/uiconfig/ui/graphictestdlg.ui,GraphicTestsDialog,GtkDialog,bottom-right-notification-form,default,
cui/uiconfig/ui/hangulhanjaadddialog.ui,HangulHanjaAddDialog,GtkDialog,bottom-right-notification-form,default,
cui/uiconfig/ui/hangulhanjaconversiondialog.ui,HangulHanjaConversionDialog,GtkDialog,bottom-right-notification-form,default,
cui/uiconfig/ui/hangulhanjaeditdictdialog.ui,HangulHanjaEditDictDialog,GtkDialog,bottom-right-notification-form,default,
cui/uiconfig/ui/hangulhanjaoptdialog.ui,HangulHanjaOptDialog,GtkDialog,bottom-right-notification-form,default,
cui/uiconfig/ui/hyperlinkdlg.ui,HyperlinkDialog,GtkDialog,bottom-right-notification-form,default,
cui/uiconfig/ui/hyperlinkmarkdialog.ui,HyperlinkMark,GtkDialog,bottom-right-notification-form,default,
cui/uiconfig/ui/hyphenate.ui,HyphenateDialog,GtkDialog,bottom-right-notification-form,default,
cui/uiconfig/ui/iconchangedialog.ui,IconChange,GtkMessageDialog,bottom-right-notification-form,default,
cui/uiconfig/ui/iconselectordialog.ui,IconSelector,GtkDialog,bottom-right-notification-form,default,
cui/uiconfig/ui/imageviewer.ui,ImageViewerDialog,GtkDialog,bottom-right-notification-form,default,
cui/uiconfig/ui/insertfloatingframe.ui,InsertFloatingFrameDialog,GtkDialog,bottom-right-notification-form,default,
cui/uiconfig/ui/insertoleobject.ui,InsertOLEObjectDialog,GtkDialog,bottom-right-notification-form,default,
cui/uiconfig/ui/insertrowcolumn.ui,InsertRowColumnDialog,GtkDialog,bottom-right-notification-form,default,
cui/uiconfig/ui/javaclasspathdialog.ui,JavaClassPath,GtkDialog,bottom-right-notification-form,default,
cui/uiconfig/ui/javastartparametersdialog.ui,JavaStartParameters,GtkDialog,bottom-right-notification-form,default,
cui/uiconfig/ui/linedialog.ui,LineDialog,GtkDialog,bottom-right-notification-form,default,
cui/uiconfig/ui/listdialog.ui,ListDialog,GtkDialog,bottom-right-notification-form,default,
cui/uiconfig/ui/macroassigndialog.ui,MacroAssignDialog,GtkDialog,bottom-right-notification-form,default,
cui/uiconfig/ui/macromanagerdialog.ui,MacroManagerDialog,GtkDialog,bottom-right-notification-form,default,
cui/uiconfig/ui/macroselectordialog.ui,MacroSelectorDialog,GtkDialog,bottom-right-notification-form,default,
cui/uiconfig/ui/mosaicdialog.ui,MosaicDialog,GtkDialog,bottom-right-notification-form,default,
cui/uiconfig/ui/movemenu.ui,MoveMenuDialog,GtkDialog,bottom-right-notification-form,default,
cui/uiconfig/ui/multipathdialog.ui,MultiPathDialog,GtkDialog,bottom-right-notification-form,default,
cui/uiconfig/ui/namedialog.ui,NameDialog,GtkDialog,bottom-right-notification-form,default,
cui/uiconfig/ui/newlibdialog.ui,NewLibDialog,GtkDialog,bottom-right-notification-form,default,
cui/uiconfig/ui/newtabledialog.ui,NewTableDialog,GtkDialog,bottom-right-notification-form,default,
cui/uiconfig/ui/newtoolbardialog.ui,NewToolbarDialog,GtkDialog,bottom-right-notification-form,default,
cui/uiconfig/ui/numberdialog.ui,NumberDialog,GtkDialog,bottom-right-notification-form,default,
cui/uiconfig/ui/objectnamedialog.ui,ObjectNameDialog,GtkDialog,bottom-right-notification-form,default,
cui/uiconfig/ui/objecttitledescdialog.ui,ObjectTitleDescDialog,GtkDialog,bottom-right-notification-form,default,
cui/uiconfig/ui/optionsdialog.ui,OptionsDialog,GtkDialog,bottom-right-notification-form,default,
cui/uiconfig/ui/optnewdictionarydialog.ui,OptNewDictionaryDialog,GtkDialog,bottom-right-notification-form,default,
cui/uiconfig/ui/password.ui,PasswordDialog,GtkDialog,bottom-right-notification-form,default,
cui/uiconfig/ui/pastespecial.ui,PasteSpecialDialog,GtkDialog,bottom-right-notification-form,default,
cui/uiconfig/ui/percentdialog.ui,PercentDialog,GtkDialog,bottom-right-notification-form,default,
cui/uiconfig/ui/positionsizedialog.ui,PositionAndSizeDialog,GtkDialog,bottom-right-notification-form,default,
cui/uiconfig/ui/posterdialog.ui,PosterDialog,GtkDialog,bottom-right-notification-form,default,
cui/uiconfig/ui/qrcodegen.ui,QrCodeGenDialog,GtkDialog,bottom-right-notification-form,default,
cui/uiconfig/ui/querychangelineenddialog.ui,AskChangeLineEndDialog,GtkMessageDialog,bottom-right-notification-form,default,
cui/uiconfig/ui/querydeletebitmapdialog.ui,AskDelBitmapDialog,GtkMessageDialog,bottom-right-notification-form,default,
cui/uiconfig/ui/querydeletechartcolordialog.ui,QueryDeleteChartColorDialog,GtkMessageDialog,bottom-right-notification-form,default,
cui/uiconfig/ui/querydeletecolordialog.ui,AskDelColorDialog,GtkMessageDialog,bottom-right-notification-form,default,
cui/uiconfig/ui/querydeletedictionarydialog.ui,QueryDeleteDictionaryDialog,GtkMessageDialog,bottom-right-notification-form,default,
cui/uiconfig/ui/querydeletegradientdialog.ui,AskDelGradientDialog,GtkMessageDialog,bottom-right-notification-form,default,
cui/uiconfig/ui/querydeletehatchdialog.ui,AskDelHatchDialog,GtkMessageDialog,bottom-right-notification-form,default,
cui/uiconfig/ui/querydeletelineenddialog.ui,AskDelLineEndDialog,GtkMessageDialog,bottom-right-notification-form,default,
cui/uiconfig/ui/querydeletelinestyledialog.ui,AskDelLineStyleDialog,GtkMessageDialog,bottom-right-notification-form,default,
cui/uiconfig/ui/querydialog.ui,QueryDialog,GtkDialog,bottom-right-notification-form,default,
cui/uiconfig/ui/queryduplicatedialog.ui,DuplicateNameDialog,GtkMessageDialog,bottom-right-notification-form,default,
cui/uiconfig/ui/querynoloadedfiledialog.ui,NoLoadedFileDialog,GtkMessageDialog,bottom-right-notification-form,default,
cui/uiconfig/ui/querynosavefiledialog.ui,NoSaveFileDialog,GtkMessageDialog,bottom-right-notification-form,default,
cui/uiconfig/ui/querysavelistdialog.ui,AskSaveList,GtkMessageDialog,bottom-right-notification-form,default,
cui/uiconfig/ui/queryupdategalleryfilelistdialog.ui,QueryUpdateFileListDialog,GtkMessageDialog,bottom-right-notification-form,default,
cui/uiconfig/ui/recordnumberdialog.ui,RecordNumberDialog,GtkDialog,bottom-right-notification-form,default,
cui/uiconfig/ui/screenshotannotationdialog.ui,ScreenshotAnnotationDialog,GtkDialog,bottom-right-notification-form,default,
cui/uiconfig/ui/scriptorganizer.ui,ScriptOrganizerDialog,GtkDialog,bottom-right-notification-form,default,
cui/uiconfig/ui/searchattrdialog.ui,SearchAttrDialog,GtkDialog,bottom-right-notification-form,default,
cui/uiconfig/ui/searchformatdialog.ui,SearchFormatDialog,GtkDialog,bottom-right-notification-form,default,
cui/uiconfig/ui/securityoptionsdialog.ui,SecurityOptionsDialog,GtkDialog,bottom-right-notification-form,default,
cui/uiconfig/ui/selectpathdialog.ui,SelectPathDialog,GtkDialog,bottom-right-notification-form,default,
cui/uiconfig/ui/showcoldialog.ui,ShowColDialog,GtkDialog,bottom-right-notification-form,default,
cui/uiconfig/ui/signatureline.ui,SignatureLineDialog,GtkDialog,bottom-right-notification-form,default,
cui/uiconfig/ui/signsignatureline.ui,SignSignatureLineDialog,GtkDialog,bottom-right-notification-form,default,
cui/uiconfig/ui/similaritysearchdialog.ui,SimilaritySearchDialog,GtkDialog,bottom-right-notification-form,default,
cui/uiconfig/ui/smoothdialog.ui,SmoothDialog,GtkDialog,bottom-right-notification-form,default,
cui/uiconfig/ui/solarizedialog.ui,SolarizeDialog,GtkDialog,bottom-right-notification-form,default,
cui/uiconfig/ui/specialcharacters.ui,SpecialCharactersDialog,GtkDialog,bottom-right-notification-form,default,
cui/uiconfig/ui/spellingdialog.ui,SpellingDialog,GtkDialog,bottom-right-notification-form,default,
cui/uiconfig/ui/spelloptionsdialog.ui,SpellOptionsDialog,GtkDialog,bottom-right-notification-form,default,
cui/uiconfig/ui/spinbox.ui,SpinDialog,GtkDialog,bottom-right-notification-form,default,
cui/uiconfig/ui/splitcellsdialog.ui,SplitCellsDialog,GtkDialog,bottom-right-notification-form,default,
cui/uiconfig/ui/storedwebconnectiondialog.ui,StoredWebConnectionDialog,GtkDialog,bottom-right-notification-form,default,
cui/uiconfig/ui/textdialog.ui,TextDialog,GtkDialog,bottom-right-notification-form,default,
cui/uiconfig/ui/thesaurus.ui,ThesaurusDialog,GtkDialog,bottom-right-notification-form,default,
cui/uiconfig/ui/tipofthedaydialog.ui,TipOfTheDayDialog,GtkDialog,bottom-right-notification-form,default,
cui/uiconfig/ui/tsaurldialog.ui,TSAURLDialog,GtkDialog,bottom-right-notification-form,default,
cui/uiconfig/ui/uipickerdialog.ui,UIPickerDialog,GtkDialog,bottom-right-notification-form,default,
cui/uiconfig/ui/welcomedialog.ui,WelcomeDialog,GtkDialog,bottom-right-notification-form,default,
cui/uiconfig/ui/widgettestdialog.ui,WidgetTestDialog,GtkDialog,bottom-right-notification-form,default,
cui/uiconfig/ui/zoomdialog.ui,ZoomDialog,GtkDialog,bottom-right-notification-form,default,
dbaccess/uiconfig/ui/admindialog.ui,AdminDialog,GtkDialog,bottom-right-notification-form,default,
dbaccess/uiconfig/ui/advancedsettingsdialog.ui,AdvancedSettingsDialog,GtkDialog,bottom-right-notification-form,default,
dbaccess/uiconfig/ui/choosedatasourcedialog.ui,ChooseDataSourceDialog,GtkDialog,bottom-right-notification-form,default,
dbaccess/uiconfig/ui/collectionviewdialog.ui,CollectionView,GtkDialog,bottom-right-notification-form,default,
dbaccess/uiconfig/ui/colwidthdialog.ui,ColWidthDialog,GtkDialog,bottom-right-notification-form,default,
dbaccess/uiconfig/ui/dbaseindexdialog.ui,DBaseIndexDialog,GtkDialog,bottom-right-notification-form,default,
dbaccess/uiconfig/ui/deleteallrowsdialog.ui,DeleteAllRowsDialog,GtkMessageDialog,bottom-right-notification-form,default,
dbaccess/uiconfig/ui/designsavemodifieddialog.ui,DesignSaveModifiedDialog,GtkMessageDialog,bottom-right-notification-form,default,
dbaccess/uiconfig/ui/directsqldialog.ui,DirectSQLDialog,GtkDialog,bottom-right-notification-form,default,
dbaccess/uiconfig/ui/fielddialog.ui,FieldDialog,GtkDialog,bottom-right-notification-form,default,
dbaccess/uiconfig/ui/indexdesigndialog.ui,IndexDesignDialog,GtkDialog,bottom-right-notification-form,default,
dbaccess/uiconfig/ui/joindialog.ui,JoinDialog,GtkDialog,bottom-right-notification-form,default,
dbaccess/uiconfig/ui/migrwarndlg.ui,MigrationWarnDialog,GtkMessageDialog,bottom-right-notification-form,default,
dbaccess/uiconfig/ui/parametersdialog.ui,Parameters,GtkDialog,bottom-right-notification-form,default,
dbaccess/uiconfig/ui/password.ui,PasswordDialog,GtkDialog,bottom-right-notification-form,default,
dbaccess/uiconfig/ui/queryfilterdialog.ui,QueryFilterDialog,GtkDialog,bottom-right-notification-form,default,
dbaccess/uiconfig/ui/querypropertiesdialog.ui,QueryPropertiesDialog,GtkDialog,bottom-right-notification-form,default,
dbaccess/uiconfig/ui/relationdialog.ui,RelationDialog,GtkDialog,bottom-right-notification-form,default,
dbaccess/uiconfig/ui/rowheightdialog.ui,RowHeightDialog,GtkDialog,bottom-right-notification-form,default,
dbaccess/uiconfig/ui/savedialog.ui,SaveDialog,GtkDialog,bottom-right-notification-form,default,
dbaccess/uiconfig/ui/saveindexdialog.ui,SaveIndexDialog,GtkMessageDialog,bottom-right-notification-form,default,
dbaccess/uiconfig/ui/savemodifieddialog.ui,SaveModifiedDialog,GtkMessageDialog,bottom-right-notification-form,default,
dbaccess/uiconfig/ui/sortdialog.ui,SortDialog,GtkDialog,bottom-right-notification-form,default,
dbaccess/uiconfig/ui/sqlexception.ui,SQLExceptionDialog,GtkDialog,bottom-right-notification-form,default,
dbaccess/uiconfig/ui/tabledesignsavemodifieddialog.ui,TableDesignSaveModifiedDialog,GtkMessageDialog,bottom-right-notification-form,default,
dbaccess/uiconfig/ui/tablesfilterdialog.ui,TablesFilterDialog,GtkDialog,bottom-right-notification-form,default,
dbaccess/uiconfig/ui/tablesjoindialog.ui,TablesJoinDialog,GtkDialog,bottom-right-notification-form,default,
dbaccess/uiconfig/ui/textconnectionsettings.ui,TextConnectionSettingsDialog,GtkDialog,bottom-right-notification-form,default,
dbaccess/uiconfig/ui/useradmindialog.ui,UserAdminDialog,GtkDialog,bottom-right-notification-form,default,
desktop/uiconfig/ui/dependenciesdialog.ui,Dependencies,GtkDialog,bottom-right-notification-form,default,
desktop/uiconfig/ui/extensionmanager.ui,ExtensionManagerDialog,GtkDialog,bottom-right-notification-form,default,
desktop/uiconfig/ui/installforalldialog.ui,InstallForAllDialog,GtkMessageDialog,bottom-right-notification-form,default,
desktop/uiconfig/ui/licensedialog.ui,LicenseDialog,GtkDialog,bottom-right-notification-form,default,
desktop/uiconfig/ui/showlicensedialog.ui,ShowLicenseDialog,GtkDialog,bottom-right-notification-form,default,
desktop/uiconfig/ui/updatedialog.ui,UpdateDialog,GtkDialog,bottom-right-notification-form,default,
desktop/uiconfig/ui/updateinstalldialog.ui,UpdateInstallDialog,GtkDialog,bottom-right-notification-form,default,
desktop/uiconfig/ui/updaterequireddialog.ui,UpdateRequiredDialog,GtkDialog,bottom-right-notification-form,default,
extensions/uiconfig/sbibliography/ui/choosedatasourcedialog.ui,ChooseDataSourceDialog,GtkDialog,bottom-right-notification-form,default,
extensions/uiconfig/sbibliography/ui/mappingdialog.ui,MappingDialog,GtkDialog,bottom-right-notification-form,default,
extensions/uiconfig/sbibliography/ui/querydialog.ui,QueryDialog,GtkMessageDialog,bottom-right-notification-form,default,
extensions/uiconfig/scanner/ui/griddialog.ui,GridDialog,GtkDialog,bottom-right-notification-form,default,
extensions/uiconfig/scanner/ui/sanedialog.ui,SaneDialog,GtkDialog,bottom-right-notification-form,default,
extensions/uiconfig/spropctrlr/ui/controlfontdialog.ui,ControlFontDialog,GtkDialog,bottom-right-notification-form,default,
extensions/uiconfig/spropctrlr/ui/datatypedialog.ui,DataTypeDialog,GtkDialog,bottom-right-notification-form,default,
extensions/uiconfig/spropctrlr/ui/formlinksdialog.ui,FormLinks,GtkDialog,bottom-right-notification-form,default,
extensions/uiconfig/spropctrlr/ui/labelselectiondialog.ui,LabelSelectionDialog,GtkDialog,bottom-right-notification-form,default,
extensions/uiconfig/spropctrlr/ui/listselectdialog.ui,ListSelectDialog,GtkDialog,bottom-right-notification-form,default,
extensions/uiconfig/spropctrlr/ui/taborder.ui,TabOrderDialog,GtkDialog,bottom-right-notification-form,default,
filter/uiconfig/ui/pdfoptionsdialog.ui,PdfOptionsDialog,GtkDialog,bottom-right-notification-form,default,
filter/uiconfig/ui/testxmlfilter.ui,TestXMLFilterDialog,GtkDialog,bottom-right-notification-form,default,
filter/uiconfig/ui/warnpdfdialog.ui,WarnPDFDialog,GtkMessageDialog,bottom-right-notification-form,default,
filter/uiconfig/ui/xmlfiltersettings.ui,XMLFilterSettingsDialog,GtkDialog,bottom-right-notification-form,default,
filter/uiconfig/ui/xsltfilterdialog.ui,XSLTFilterDialog,GtkDialog,bottom-right-notification-form,default,
formula/uiconfig/ui/formuladialog.ui,FormulaDialog,GtkDialog,bottom-right-notification-form,default,
fpicker/uiconfig/ui/explorerfiledialog.ui,ExplorerFileDialog,GtkDialog,bottom-right-notification-form,default,
fpicker/uiconfig/ui/foldernamedialog.ui,FolderNameDialog,GtkDialog,bottom-right-notification-form,default,
fpicker/uiconfig/ui/remotefilesdialog.ui,RemoteFilesDialog,GtkDialog,bottom-right-notification-form,default,
reportdesign/uiconfig/dbreport/ui/backgrounddialog.ui,BackgroundDialog,GtkDialog,bottom-right-notification-form,default,
reportdesign/uiconfig/dbreport/ui/chardialog.ui,CharDialog,GtkDialog,bottom-right-notification-form,default,
reportdesign/uiconfig/dbreport/ui/condformatdialog.ui,CondFormat,GtkDialog,bottom-right-notification-form,default,
reportdesign/uiconfig/dbreport/ui/datetimedialog.ui,DateTimeDialog,GtkDialog,bottom-right-notification-form,default,
reportdesign/uiconfig/dbreport/ui/floatingfield.ui,FloatingField,GtkDialog,bottom-right-notification-form,default,
reportdesign/uiconfig/dbreport/ui/floatingnavigator.ui,FloatingNavigator,GtkDialog,bottom-right-notification-form,default,
reportdesign/uiconfig/dbreport/ui/floatingsort.ui,FloatingSort,GtkDialog,bottom-right-notification-form,default,
reportdesign/uiconfig/dbreport/ui/pagedialog.ui,PageDialog,GtkDialog,bottom-right-notification-form,default,
reportdesign/uiconfig/dbreport/ui/pagenumberdialog.ui,PageNumberDialog,GtkDialog,bottom-right-notification-form,default,
sc/uiconfig/scalc/ui/advancedfilterdialog.ui,AdvancedFilterDialog,GtkDialog,bottom-right-notification-form,default,
sc/uiconfig/scalc/ui/allheaderfooterdialog.ui,AllHeaderFooterDialog,GtkDialog,bottom-right-notification-form,default,
sc/uiconfig/scalc/ui/analysisofvariancedialog.ui,AnalysisOfVarianceDialog,GtkDialog,bottom-right-notification-form,default,
sc/uiconfig/scalc/ui/autoformattable.ui,AutoFormatTableDialog,GtkDialog,bottom-right-notification-form,default,
sc/uiconfig/scalc/ui/changesourcedialog.ui,ChangeSourceDialog,GtkDialog,bottom-right-notification-form,default,
sc/uiconfig/scalc/ui/chardialog.ui,CharDialog,GtkDialog,bottom-right-notification-form,default,
sc/uiconfig/scalc/ui/checkwarningdialog.ui,CheckWarningDialog,GtkMessageDialog,bottom-right-notification-form,default,
sc/uiconfig/scalc/ui/chisquaretestdialog.ui,ChiSquareTestDialog,GtkDialog,bottom-right-notification-form,default,
sc/uiconfig/scalc/ui/colorrowdialog.ui,ColOrRowDialog,GtkDialog,bottom-right-notification-form,default,
sc/uiconfig/scalc/ui/colwidthdialog.ui,ColWidthDialog,GtkDialog,bottom-right-notification-form,default,
sc/uiconfig/scalc/ui/condformatmanager.ui,CondFormatManager,GtkDialog,bottom-right-notification-form,default,
sc/uiconfig/scalc/ui/conditionaleasydialog.ui,CondFormatEasyDlg,GtkDialog,bottom-right-notification-form,default,
sc/uiconfig/scalc/ui/conditionalformatdialog.ui,ConditionalFormatDialog,GtkDialog,bottom-right-notification-form,default,
sc/uiconfig/scalc/ui/conflictsdialog.ui,ConflictsDialog,GtkDialog,bottom-right-notification-form,default,
sc/uiconfig/scalc/ui/consolidatedialog.ui,ConsolidateDialog,GtkDialog,bottom-right-notification-form,default,
sc/uiconfig/scalc/ui/correlationdialog.ui,CorrelationDialog,GtkDialog,bottom-right-notification-form,default,
sc/uiconfig/scalc/ui/covariancedialog.ui,CovarianceDialog,GtkDialog,bottom-right-notification-form,default,
sc/uiconfig/scalc/ui/createnamesdialog.ui,CreateNamesDialog,GtkDialog,bottom-right-notification-form,default,
sc/uiconfig/scalc/ui/dapiservicedialog.ui,DapiserviceDialog,GtkDialog,bottom-right-notification-form,default,
sc/uiconfig/scalc/ui/databaroptions.ui,DataBarOptions,GtkDialog,bottom-right-notification-form,default,
sc/uiconfig/scalc/ui/datafielddialog.ui,DataFieldDialog,GtkDialog,bottom-right-notification-form,default,
sc/uiconfig/scalc/ui/datafieldoptionsdialog.ui,DataFieldOptionsDialog,GtkDialog,bottom-right-notification-form,default,
sc/uiconfig/scalc/ui/dataform.ui,DataFormDialog,GtkDialog,bottom-right-notification-form,default,
sc/uiconfig/scalc/ui/dataproviderdlg.ui,dataproviderdlg,GtkDialog,bottom-right-notification-form,default,
sc/uiconfig/scalc/ui/datastreams.ui,DataStreamDialog,GtkDialog,bottom-right-notification-form,default,
sc/uiconfig/scalc/ui/definedatabaserangedialog.ui,DefineDatabaseRangeDialog,GtkDialog,bottom-right-notification-form,default,
sc/uiconfig/scalc/ui/definename.ui,DefineNameDialog,GtkDialog,bottom-right-notification-form,default,
sc/uiconfig/scalc/ui/definetablerangedialog.ui,tablerangedialog,GtkDialog,bottom-right-notification-form,default,
sc/uiconfig/scalc/ui/deletecells.ui,DeleteCellsDialog,GtkDialog,bottom-right-notification-form,default,
sc/uiconfig/scalc/ui/deletecontents.ui,DeleteContentsDialog,GtkDialog,bottom-right-notification-form,default,
sc/uiconfig/scalc/ui/descriptivestatisticsdialog.ui,DescriptiveStatisticsDialog,GtkDialog,bottom-right-notification-form,default,
sc/uiconfig/scalc/ui/doubledialog.ui,DoubleDialog,GtkDialog,bottom-right-notification-form,default,
sc/uiconfig/scalc/ui/drawtemplatedialog.ui,DrawTemplateDialog,GtkDialog,bottom-right-notification-form,default,
sc/uiconfig/scalc/ui/duplicaterecordsdlg.ui,DuplicateRecordsDialog,GtkDialog,bottom-right-notification-form,default,
sc/uiconfig/scalc/ui/exponentialsmoothingdialog.ui,ExponentialSmoothingDialog,GtkDialog,bottom-right-notification-form,default,
sc/uiconfig/scalc/ui/externaldata.ui,ExternalDataDialog,GtkDialog,bottom-right-notification-form,default,
sc/uiconfig/scalc/ui/filldlg.ui,FillSeriesDialog,GtkDialog,bottom-right-notification-form,default,
sc/uiconfig/scalc/ui/footerdialog.ui,FooterDialog,GtkDialog,bottom-right-notification-form,default,
sc/uiconfig/scalc/ui/formatcellsdialog.ui,FormatCellsDialog,GtkDialog,bottom-right-notification-form,default,
sc/uiconfig/scalc/ui/formulacalculationoptions.ui,FormulaCalculationOptions,GtkDialog,bottom-right-notification-form,default,
sc/uiconfig/scalc/ui/fourieranalysisdialog.ui,FourierAnalysisDialog,GtkDialog,bottom-right-notification-form,default,
sc/uiconfig/scalc/ui/goalseekdlg.ui,GoalSeekDialog,GtkDialog,bottom-right-notification-form,default,
sc/uiconfig/scalc/ui/gotosheetdialog.ui,GoToSheetDialog,GtkDialog,bottom-right-notification-form,default,
sc/uiconfig/scalc/ui/groupbydate.ui,PivotTableGroupByDate,GtkDialog,bottom-right-notification-form,default,
sc/uiconfig/scalc/ui/groupbynumber.ui,PivotTableGroupByNumber,GtkDialog,bottom-right-notification-form,default,
sc/uiconfig/scalc/ui/groupdialog.ui,GroupDialog,GtkDialog,bottom-right-notification-form,default,
sc/uiconfig/scalc/ui/headerdialog.ui,HeaderDialog,GtkDialog,bottom-right-notification-form,default,
sc/uiconfig/scalc/ui/headerfooterdialog.ui,HeaderFooterDialog,GtkDialog,bottom-right-notification-form,default,
sc/uiconfig/scalc/ui/imoptdialog.ui,ImOptDialog,GtkDialog,bottom-right-notification-form,default,
sc/uiconfig/scalc/ui/inputstringdialog.ui,InputStringDialog,GtkDialog,bottom-right-notification-form,default,
sc/uiconfig/scalc/ui/insertcells.ui,InsertCellsDialog,GtkDialog,bottom-right-notification-form,default,
sc/uiconfig/scalc/ui/insertname.ui,InsertNameDialog,GtkDialog,bottom-right-notification-form,default,
sc/uiconfig/scalc/ui/insertsheet.ui,InsertSheetDialog,GtkDialog,bottom-right-notification-form,default,
sc/uiconfig/scalc/ui/integerdialog.ui,IntegerDialog,GtkDialog,bottom-right-notification-form,default,
sc/uiconfig/scalc/ui/leftfooterdialog.ui,LeftFooterDialog,GtkDialog,bottom-right-notification-form,default,
sc/uiconfig/scalc/ui/leftheaderdialog.ui,Left Header,GtkDialog,bottom-right-notification-form,default,
sc/uiconfig/scalc/ui/managenamesdialog.ui,ManageNamesDialog,GtkDialog,bottom-right-notification-form,default,
sc/uiconfig/scalc/ui/mergecellsdialog.ui,MergeCellsDialog,GtkDialog,bottom-right-notification-form,default,
sc/uiconfig/scalc/ui/movecopysheet.ui,MoveCopySheetDialog,GtkDialog,bottom-right-notification-form,default,
sc/uiconfig/scalc/ui/movingaveragedialog.ui,MovingAverageDialog,GtkDialog,bottom-right-notification-form,default,
sc/uiconfig/scalc/ui/multipleoperationsdialog.ui,MultipleOperationsDialog,GtkDialog,bottom-right-notification-form,default,
sc/uiconfig/scalc/ui/namerangesdialog.ui,NameRangesDialog,GtkDialog,bottom-right-notification-form,default,
sc/uiconfig/scalc/ui/nosolutiondialog.ui,NoSolutionDialog,GtkDialog,bottom-right-notification-form,default,
sc/uiconfig/scalc/ui/optimalcolwidthdialog.ui,OptimalColWidthDialog,GtkDialog,bottom-right-notification-form,default,
sc/uiconfig/scalc/ui/optimalrowheightdialog.ui,OptimalRowHeightDialog,GtkDialog,bottom-right-notification-form,default,
sc/uiconfig/scalc/ui/pagetemplatedialog.ui,PageTemplateDialog,GtkDialog,bottom-right-notification-form,default,
sc/uiconfig/scalc/ui/paradialog.ui,ParagraphDialog,GtkDialog,bottom-right-notification-form,default,
sc/uiconfig/scalc/ui/paratemplatedialog.ui,ParaTemplateDialog,GtkDialog,bottom-right-notification-form,default,
sc/uiconfig/scalc/ui/pastespecial.ui,PasteSpecial,GtkDialog,bottom-right-notification-form,default,
sc/uiconfig/scalc/ui/pivotcalcfielddialog.ui,PivotCalcField,GtkDialog,bottom-right-notification-form,default,
sc/uiconfig/scalc/ui/pivotfielddialog.ui,PivotFieldDialog,GtkDialog,bottom-right-notification-form,default,
sc/uiconfig/scalc/ui/pivotfilterdialog.ui,PivotFilterDialog,GtkDialog,bottom-right-notification-form,default,
sc/uiconfig/scalc/ui/pivottablelayoutdialog.ui,PivotTableLayout,GtkDialog,bottom-right-notification-form,default,
sc/uiconfig/scalc/ui/printareasdialog.ui,PrintAreasDialog,GtkDialog,bottom-right-notification-form,default,
sc/uiconfig/scalc/ui/protectsheetdlg.ui,ProtectSheetDialog,GtkDialog,bottom-right-notification-form,default,
sc/uiconfig/scalc/ui/queryrunstreamscriptdialog.ui,QueryRunStreamScriptDialog,GtkMessageDialog,bottom-right-notification-form,default,
sc/uiconfig/scalc/ui/randomnumbergenerator.ui,RandomNumberGeneratorDialog,GtkDialog,bottom-right-notification-form,default,
sc/uiconfig/scalc/ui/recalcquerydialog.ui,RecalcQueryDialog,GtkMessageDialog,bottom-right-notification-form,default,
sc/uiconfig/scalc/ui/regressiondialog.ui,RegressionDialog,GtkDialog,bottom-right-notification-form,default,
sc/uiconfig/scalc/ui/retypepassdialog.ui,RetypePass,GtkDialog,bottom-right-notification-form,default,
sc/uiconfig/scalc/ui/retypepassworddialog.ui,RetypePasswordDialog,GtkDialog,bottom-right-notification-form,default,
sc/uiconfig/scalc/ui/rightfooterdialog.ui,RightFooterDialog,GtkDialog,bottom-right-notification-form,default,
sc/uiconfig/scalc/ui/rightheaderdialog.ui,RightHeaderDialog,GtkDialog,bottom-right-notification-form,default,
sc/uiconfig/scalc/ui/rowheightdialog.ui,RowHeightDialog,GtkDialog,bottom-right-notification-form,default,
sc/uiconfig/scalc/ui/samplingdialog.ui,SamplingDialog,GtkDialog,bottom-right-notification-form,default,
sc/uiconfig/scalc/ui/scenariodialog.ui,ScenarioDialog,GtkDialog,bottom-right-notification-form,default,
sc/uiconfig/scalc/ui/searchresults.ui,SearchResultsDialog,GtkDialog,bottom-right-notification-form,default,
sc/uiconfig/scalc/ui/selectdatasource.ui,SelectDataSourceDialog,GtkDialog,bottom-right-notification-form,default,
sc/uiconfig/scalc/ui/selectrange.ui,SelectRangeDialog,GtkDialog,bottom-right-notification-form,default,
sc/uiconfig/scalc/ui/selectsheetviewdialog.ui,SelectSheetViewDialog,GtkDialog,bottom-right-notification-form,default,
sc/uiconfig/scalc/ui/selectsource.ui,SelectSourceDialog,GtkDialog,bottom-right-notification-form,default,
sc/uiconfig/scalc/ui/sharedfirstfooterdialog.ui,SharedFirstFooterDialog,GtkDialog,bottom-right-notification-form,default,
sc/uiconfig/scalc/ui/sharedfirstheaderdialog.ui,SharedFirstHeaderDialog,GtkDialog,bottom-right-notification-form,default,
sc/uiconfig/scalc/ui/sharedfooterdialog.ui,SharedFooterDialog,GtkDialog,bottom-right-notification-form,default,
sc/uiconfig/scalc/ui/sharedheaderdialog.ui,SharedHeaderDialog,GtkDialog,bottom-right-notification-form,default,
sc/uiconfig/scalc/ui/sharedleftfooterdialog.ui,SharedLeftFooterDialog,GtkDialog,bottom-right-notification-form,default,
sc/uiconfig/scalc/ui/sharedleftheaderdialog.ui,SharedLeftHeaderDialog,GtkDialog,bottom-right-notification-form,default,
sc/uiconfig/scalc/ui/sharedocumentdlg.ui,ShareDocumentDialog,GtkDialog,bottom-right-notification-form,default,
sc/uiconfig/scalc/ui/sharedwarningdialog.ui,SharedWarningDialog,GtkMessageDialog,bottom-right-notification-form,default,
sc/uiconfig/scalc/ui/showchangesdialog.ui,ShowChangesDialog,GtkDialog,bottom-right-notification-form,default,
sc/uiconfig/scalc/ui/showdetaildialog.ui,ShowDetail,GtkDialog,bottom-right-notification-form,default,
sc/uiconfig/scalc/ui/showsheetdialog.ui,ShowSheetDialog,GtkDialog,bottom-right-notification-form,default,
sc/uiconfig/scalc/ui/simplerefdialog.ui,SimpleRefDialog,GtkDialog,bottom-right-notification-form,default,
sc/uiconfig/scalc/ui/solverdlg.ui,SolverDialog,GtkDialog,bottom-right-notification-form,default,
sc/uiconfig/scalc/ui/solveroptionsdialog.ui,SolverOptionsDialog,GtkDialog,bottom-right-notification-form,default,
sc/uiconfig/scalc/ui/solverprogressdialog.ui,SolverProgressDialog,GtkDialog,bottom-right-notification-form,default,
sc/uiconfig/scalc/ui/solversuccessdialog.ui,SolverSuccessDialog,GtkDialog,bottom-right-notification-form,default,
sc/uiconfig/scalc/ui/sortdialog.ui,SortDialog,GtkDialog,bottom-right-notification-form,default,
sc/uiconfig/scalc/ui/sortwarning.ui,SortWarning,GtkDialog,bottom-right-notification-form,default,
sc/uiconfig/scalc/ui/sparklinedatarangedialog.ui,SparklineDataRangeDialog,GtkDialog,bottom-right-notification-form,default,
sc/uiconfig/scalc/ui/sparklinedialog.ui,SparklineDialog,GtkDialog,bottom-right-notification-form,default,
sc/uiconfig/scalc/ui/standardfilterdialog.ui,StandardFilterDialog,GtkDialog,bottom-right-notification-form,default,
sc/uiconfig/scalc/ui/subtotaldialog.ui,SubTotalDialog,GtkDialog,bottom-right-notification-form,default,
sc/uiconfig/scalc/ui/tabcolordialog.ui,TabColorDialog,GtkDialog,bottom-right-notification-form,default,
sc/uiconfig/scalc/ui/textimportcsv.ui,TextImportCsvDialog,GtkDialog,bottom-right-notification-form,default,
sc/uiconfig/scalc/ui/textimportoptions.ui,TextImportOptionsDialog,GtkDialog,bottom-right-notification-form,default,
sc/uiconfig/scalc/ui/ttestdialog.ui,TTestDialog,GtkDialog,bottom-right-notification-form,default,
sc/uiconfig/scalc/ui/ungroupdialog.ui,UngroupDialog,GtkDialog,bottom-right-notification-form,default,
sc/uiconfig/scalc/ui/validationdialog.ui,ValidationDialog,GtkDialog,bottom-right-notification-form,default,
sc/uiconfig/scalc/ui/warnautocorrect.ui,WarnAutoCorrect,GtkMessageDialog,bottom-right-notification-form,default,
sc/uiconfig/scalc/ui/xmlsourcedialog.ui,XMLSourceDialog,GtkDialog,bottom-right-notification-form,default,
sc/uiconfig/scalc/ui/ztestdialog.ui,ZTestDialog,GtkDialog,bottom-right-notification-form,default,
sd/uiconfig/sdraw/ui/breakdialog.ui,BreakDialog,GtkDialog,bottom-right-notification-form,default,
sd/uiconfig/sdraw/ui/bulletsandnumbering.ui,BulletsAndNumberingDialog,GtkDialog,bottom-right-notification-form,default,
sd/uiconfig/sdraw/ui/copydlg.ui,DuplicateDialog,GtkDialog,bottom-right-notification-form,default,
sd/uiconfig/sdraw/ui/crossfadedialog.ui,CrossFadeDialog,GtkDialog,bottom-right-notification-form,default,
sd/uiconfig/sdraw/ui/dlgsnap.ui,SnapObjectDialog,GtkDialog,bottom-right-notification-form,default,
sd/uiconfig/sdraw/ui/drawchardialog.ui,DrawCharDialog,GtkDialog,bottom-right-notification-form,default,
sd/uiconfig/sdraw/ui/drawpagedialog.ui,DrawPageDialog,GtkDialog,bottom-right-notification-form,default,
sd/uiconfig/sdraw/ui/drawparadialog.ui,DrawParagraphPropertiesDialog,GtkDialog,bottom-right-notification-form,default,
sd/uiconfig/sdraw/ui/drawprtldialog.ui,DrawPRTLDialog,GtkDialog,bottom-right-notification-form,default,
sd/uiconfig/sdraw/ui/insertlayer.ui,InsertLayerDialog,GtkDialog,bottom-right-notification-form,default,
sd/uiconfig/sdraw/ui/insertslidesdialog.ui,InsertSlidesDialog,GtkDialog,bottom-right-notification-form,default,
sd/uiconfig/sdraw/ui/namedesign.ui,NameDesignDialog,GtkDialog,bottom-right-notification-form,default,
sd/uiconfig/sdraw/ui/queryunlinkimagedialog.ui,QueryUnlinkImageDialog,GtkMessageDialog,bottom-right-notification-form,default,
sd/uiconfig/sdraw/ui/selectlayerdialog.ui,SelectLayerDialog,GtkDialog,bottom-right-notification-form,default,
sd/uiconfig/sdraw/ui/vectorize.ui,VectorizeDialog,GtkDialog,bottom-right-notification-form,default,
sd/uiconfig/simpress/ui/customanimationproperties.ui,CustomAnimationProperties,GtkDialog,bottom-right-notification-form,default,
sd/uiconfig/simpress/ui/customslideshows.ui,CustomSlideShows,GtkDialog,bottom-right-notification-form,default,
sd/uiconfig/simpress/ui/definecustomslideshow.ui,DefineCustomSlideShow,GtkDialog,bottom-right-notification-form,default,
sd/uiconfig/simpress/ui/dlgfield.ui,EditFieldsDialog,GtkDialog,bottom-right-notification-form,default,
sd/uiconfig/simpress/ui/headerfooterdialog.ui,HeaderFooterDialog,GtkDialog,bottom-right-notification-form,default,
sd/uiconfig/simpress/ui/insertslides.ui,InsertSlidesDialog,GtkDialog,bottom-right-notification-form,default,
sd/uiconfig/simpress/ui/interactiondialog.ui,InteractionDialog,GtkDialog,bottom-right-notification-form,default,
sd/uiconfig/simpress/ui/masterlayoutdlg.ui,MasterLayoutDialog,GtkDialog,bottom-right-notification-form,default,
sd/uiconfig/simpress/ui/photoalbum.ui,PhotoAlbumCreatorDialog,GtkDialog,bottom-right-notification-form,default,
sd/uiconfig/simpress/ui/pminfodialog.ui,PMInfoDialog,GtkMessageDialog,bottom-right-notification-form,default,
sd/uiconfig/simpress/ui/presentationdialog.ui,PresentationDialog,GtkDialog,bottom-right-notification-form,default,
sd/uiconfig/simpress/ui/remotedialog.ui,RemoteDialog,GtkDialog,bottom-right-notification-form,default,
sd/uiconfig/simpress/ui/slidedesigndialog.ui,SlideDesignDialog,GtkDialog,bottom-right-notification-form,default,
sd/uiconfig/simpress/ui/templatedialog.ui,TemplateDialog,GtkDialog,bottom-right-notification-form,default,
sfx2/uiconfig/ui/addtargetdialog.ui,AddTargetDialog,GtkDialog,bottom-right-notification-form,default,
sfx2/uiconfig/ui/autoredactdialog.ui,AutoRedactDialog,GtkDialog,bottom-right-notification-form,default,
sfx2/uiconfig/ui/bookmarkdialog.ui,BookmarkDialog,GtkDialog,bottom-right-notification-form,default,
sfx2/uiconfig/ui/checkin.ui,CheckinDialog,GtkDialog,bottom-right-notification-form,default,
sfx2/uiconfig/ui/documentpropertiesdialog.ui,DocumentPropertiesDialog,GtkDialog,bottom-right-notification-form,default,
sfx2/uiconfig/ui/editdocumentdialog.ui,EditDocumentDialog,GtkMessageDialog,bottom-right-notification-form,default,
sfx2/uiconfig/ui/editdurationdialog.ui,EditDurationDialog,GtkDialog,bottom-right-notification-form,default,
sfx2/uiconfig/ui/errorfindemaildialog.ui,ErrorFindEmailDialog,GtkMessageDialog,bottom-right-notification-form,default,
sfx2/uiconfig/ui/floatingrecord.ui,FloatingRecord,GtkDialog,bottom-right-notification-form,default,
sfx2/uiconfig/ui/helpmanual.ui,onlinehelpmanual,GtkMessageDialog,bottom-right-notification-form,default,
sfx2/uiconfig/ui/inputdialog.ui,InputDialog,GtkDialog,bottom-right-notification-form,default,
sfx2/uiconfig/ui/licensedialog.ui,LicenseDialog,GtkDialog,bottom-right-notification-form,default,
sfx2/uiconfig/ui/linkeditdialog.ui,LinkEditDialog,GtkDialog,bottom-right-notification-form,default,
sfx2/uiconfig/ui/loadtemplatedialog.ui,LoadTemplateDialog,GtkDialog,bottom-right-notification-form,default,
sfx2/uiconfig/ui/newstyle.ui,CreateStyleDialog,GtkDialog,bottom-right-notification-form,default,
sfx2/uiconfig/ui/password.ui,PasswordDialog,GtkDialog,bottom-right-notification-form,default,
sfx2/uiconfig/ui/printeroptionsdialog.ui,PrinterOptionsDialog,GtkDialog,bottom-right-notification-form,default,
sfx2/uiconfig/ui/querysavedialog.ui,QuerySaveDialog,GtkMessageDialog,bottom-right-notification-form,default,
sfx2/uiconfig/ui/safemodequerydialog.ui,SafeModeQueryDialog,GtkMessageDialog,bottom-right-notification-form,default,
sfx2/uiconfig/ui/saveastemplatedlg.ui,SaveAsTemplateDialog,GtkDialog,bottom-right-notification-form,default,
sfx2/uiconfig/ui/searchdialog.ui,SearchDialog,GtkDialog,bottom-right-notification-form,default,
sfx2/uiconfig/ui/singletabdialog.ui,SingleTabDialog,GtkDialog,bottom-right-notification-form,default,
sfx2/uiconfig/ui/tabbarcontents.ui,,GtkDialog,bottom-right-notification-form,default,
sfx2/uiconfig/ui/templatecategorydlg.ui,TemplatesCategoryDialog,GtkDialog,bottom-right-notification-form,default,
sfx2/uiconfig/ui/templatedlg.ui,TemplateDialog,GtkDialog,bottom-right-notification-form,default,
sfx2/uiconfig/ui/versioncommentdialog.ui,VersionCommentDialog,GtkDialog,bottom-right-notification-form,default,
sfx2/uiconfig/ui/versionscmis.ui,VersionsCmisDialog,GtkDialog,bottom-right-notification-form,default,
sfx2/uiconfig/ui/versionsofdialog.ui,VersionsOfDialog,GtkDialog,bottom-right-notification-form,default,
starmath/uiconfig/smath/ui/alignmentdialog.ui,AlignmentDialog,GtkDialog,bottom-right-notification-form,default,
starmath/uiconfig/smath/ui/catalogdialog.ui,CatalogDialog,GtkDialog,bottom-right-notification-form,default,
starmath/uiconfig/smath/ui/fontdialog.ui,FontDialog,GtkDialog,bottom-right-notification-form,default,
starmath/uiconfig/smath/ui/fontsizedialog.ui,FontSizeDialog,GtkDialog,bottom-right-notification-form,default,
starmath/uiconfig/smath/ui/fonttypedialog.ui,FontsDialog,GtkDialog,bottom-right-notification-form,default,
starmath/uiconfig/smath/ui/matrixeditor.ui,MatrixEditor,GtkDialog,bottom-right-notification-form,default,
starmath/uiconfig/smath/ui/savedefaultsdialog.ui,SaveDefaultsDialog,GtkMessageDialog,bottom-right-notification-form,default,
starmath/uiconfig/smath/ui/spacingdialog.ui,SpacingDialog,GtkDialog,bottom-right-notification-form,default,
starmath/uiconfig/smath/ui/symdefinedialog.ui,EditSymbols,GtkDialog,bottom-right-notification-form,default,
svtools/uiconfig/ui/addresstemplatedialog.ui,AddressTemplateDialog,GtkDialog,bottom-right-notification-form,default,
svtools/uiconfig/ui/graphicexport.ui,GraphicExportDialog,GtkDialog,bottom-right-notification-form,default,
svtools/uiconfig/ui/inputbox.ui,InputBox,GtkDialog,bottom-right-notification-form,default,
svtools/uiconfig/ui/javadisableddialog.ui,JavaDisabledDialog,GtkMessageDialog,bottom-right-notification-form,default,
svtools/uiconfig/ui/placeedit.ui,PlaceEditDialog,GtkDialog,bottom-right-notification-form,default,
svtools/uiconfig/ui/printersetupdialog.ui,PrinterSetupDialog,GtkDialog,bottom-right-notification-form,default,
svtools/uiconfig/ui/querydeletedialog.ui,QueryDeleteDialog,GtkMessageDialog,bottom-right-notification-form,default,
svtools/uiconfig/ui/restartdialog.ui,RestartDialog,GtkDialog,bottom-right-notification-form,default,
svx/uiconfig/ui/acceptrejectchangesdialog.ui,AcceptRejectChangesDialog,GtkDialog,bottom-right-notification-form,default,
svx/uiconfig/ui/addconditiondialog.ui,AddConditionDialog,GtkDialog,bottom-right-notification-form,default,
svx/uiconfig/ui/adddataitemdialog.ui,AddDataItemDialog,GtkDialog,bottom-right-notification-form,default,
svx/uiconfig/ui/addinstancedialog.ui,AddInstanceDialog,GtkDialog,bottom-right-notification-form,default,
svx/uiconfig/ui/addmodeldialog.ui,AddModelDialog,GtkDialog,bottom-right-notification-form,default,
svx/uiconfig/ui/addnamespacedialog.ui,AddNamespaceDialog,GtkDialog,bottom-right-notification-form,default,
svx/uiconfig/ui/addsubmissiondialog.ui,AddSubmissionDialog,GtkDialog,bottom-right-notification-form,default,
svx/uiconfig/ui/asianphoneticguidedialog.ui,AsianPhoneticGuideDialog,GtkDialog,bottom-right-notification-form,default,
svx/uiconfig/ui/chineseconversiondialog.ui,ChineseConversionDialog,GtkDialog,bottom-right-notification-form,default,
svx/uiconfig/ui/chinesedictionary.ui,ChineseDictionaryDialog,GtkDialog,bottom-right-notification-form,default,
svx/uiconfig/ui/classificationdialog.ui,AdvancedDocumentClassificationDialog,GtkDialog,bottom-right-notification-form,default,
svx/uiconfig/ui/compressgraphicdialog.ui,CompressGraphicDialog,GtkDialog,bottom-right-notification-form,default,
svx/uiconfig/ui/crashreportdlg.ui,CrashReportDialog,GtkDialog,bottom-right-notification-form,default,
svx/uiconfig/ui/deletefooterdialog.ui,DeleteFooterDialog,GtkMessageDialog,bottom-right-notification-form,default,
svx/uiconfig/ui/deleteheaderdialog.ui,DeleteHeaderDialog,GtkMessageDialog,bottom-right-notification-form,default,
svx/uiconfig/ui/docrecoverybrokendialog.ui,DocRecoveryBrokenDialog,GtkDialog,bottom-right-notification-form,default,
svx/uiconfig/ui/docrecoveryprogressdialog.ui,DocRecoveryProgressDialog,GtkDialog,bottom-right-notification-form,default,
svx/uiconfig/ui/docrecoveryrecoverdialog.ui,DocRecoveryRecoverDialog,GtkDialog,bottom-right-notification-form,default,
svx/uiconfig/ui/docrecoverysavedialog.ui,DocRecoverySaveDialog,GtkDialog,bottom-right-notification-form,default,
svx/uiconfig/ui/extrustiondepthdialog.ui,ExtrustionDepthDialog,GtkDialog,bottom-right-notification-form,default,
svx/uiconfig/ui/fileexporteddialog.ui,FileExportedDialog,GtkDialog,bottom-right-notification-form,default,
svx/uiconfig/ui/findreplacedialog.ui,FindReplaceDialog,GtkDialog,bottom-right-notification-form,default,
svx/uiconfig/ui/floatingcontour.ui,FloatingContour,GtkDialog,bottom-right-notification-form,default,
svx/uiconfig/ui/fontworkgallerydialog.ui,FontworkGalleryDialog,GtkDialog,bottom-right-notification-form,default,
svx/uiconfig/ui/fontworkspacingdialog.ui,FontworkSpacingDialog,GtkDialog,bottom-right-notification-form,default,
svx/uiconfig/ui/formfielddialog.ui,FormFieldDialog,GtkDialog,bottom-right-notification-form,default,
svx/uiconfig/ui/formlinkwarndialog.ui,FormLinkWarnDialog,GtkMessageDialog,bottom-right-notification-form,default,
svx/uiconfig/ui/formpropertydialog.ui,FormPropertyDialog,GtkDialog,bottom-right-notification-form,default,
svx/uiconfig/ui/genericcheckdialog.ui,GenericCheckDialog,GtkDialog,bottom-right-notification-form,default,
svx/uiconfig/ui/gotopagedialog.ui,GotoPageDialog,GtkDialog,bottom-right-notification-form,default,
svx/uiconfig/ui/imapdialog.ui,ImapDialog,GtkDialog,bottom-right-notification-form,default,
svx/uiconfig/ui/linkwarndialog.ui,LinkWarnDialog,GtkMessageDialog,bottom-right-notification-form,default,
svx/uiconfig/ui/namespacedialog.ui,NamespaceDialog,GtkDialog,bottom-right-notification-form,default,
svx/uiconfig/ui/passwd.ui,PasswordDialog,GtkDialog,bottom-right-notification-form,default,
svx/uiconfig/ui/querydeletecontourdialog.ui,QueryDeleteContourDialog,GtkMessageDialog,bottom-right-notification-form,default,
svx/uiconfig/ui/querydeleteobjectdialog.ui,QueryDeleteObjectDialog,GtkMessageDialog,bottom-right-notification-form,default,
svx/uiconfig/ui/querydeletethemedialog.ui,QueryDeleteThemeDialog,GtkMessageDialog,bottom-right-notification-form,default,
svx/uiconfig/ui/querymodifyimagemapchangesdialog.ui,QueryModifyImageMapChangesDialog,GtkMessageDialog,bottom-right-notification-form,default,
svx/uiconfig/ui/querynewcontourdialog.ui,QueryNewContourDialog,GtkMessageDialog,bottom-right-notification-form,default,
svx/uiconfig/ui/querysavecontchangesdialog.ui,QuerySaveContourChangesDialog,GtkMessageDialog,bottom-right-notification-form,default,
svx/uiconfig/ui/querysaveimagemapchangesdialog.ui,QuerySaveImageMapChangesDialog,GtkMessageDialog,bottom-right-notification-form,default,
svx/uiconfig/ui/queryunlinkgraphicsdialog.ui,QueryUnlinkGraphicsDialog,GtkMessageDialog,bottom-right-notification-form,default,
svx/uiconfig/ui/safemodedialog.ui,SafeModeDialog,GtkDialog,bottom-right-notification-form,default,
svx/uiconfig/ui/savemodifieddialog.ui,SaveModifiedDialog,GtkMessageDialog,bottom-right-notification-form,default,
svx/uiconfig/ui/stringinput.ui,StringInputDialog,GtkDialog,bottom-right-notification-form,default,
svx/uiconfig/ui/tableautofmtdlg.ui,AutoFormatTableDialog,GtkDialog,bottom-right-notification-form,default,
svx/uiconfig/ui/tablestylesdlg.ui,TableStylesDialog,GtkDialog,bottom-right-notification-form,default,
svx/uiconfig/ui/textcontrolchardialog.ui,TextControlCharacterPropertiesDialog,GtkDialog,bottom-right-notification-form,default,
svx/uiconfig/ui/textcontrolparadialog.ui,TextControlParagraphPropertiesDialog,GtkDialog,bottom-right-notification-form,default,
svx/uiconfig/ui/themecoloreditdialog.ui,ThemeColorEditDialog,GtkDialog,bottom-right-notification-form,default,
svx/uiconfig/ui/themedialog.ui,ThemeDialog,GtkDialog,bottom-right-notification-form,default,
sw/uiconfig/swriter/ui/abstractdialog.ui,AbstractDialog,GtkDialog,bottom-right-notification-form,default,
sw/uiconfig/swriter/ui/addentrydialog.ui,AddEntryDialog,GtkDialog,bottom-right-notification-form,default,
sw/uiconfig/swriter/ui/addressblockdialog.ui,AddressBlockDialog,GtkDialog,bottom-right-notification-form,default,
sw/uiconfig/swriter/ui/alreadyexistsdialog.ui,AlreadyExistsDialog,GtkMessageDialog,bottom-right-notification-form,default,
sw/uiconfig/swriter/ui/asciifilterdialog.ui,AsciiFilterDialog,GtkDialog,bottom-right-notification-form,default,
sw/uiconfig/swriter/ui/asksearchdialog.ui,AskSearchDialog,GtkMessageDialog,bottom-right-notification-form,default,
sw/uiconfig/swriter/ui/assignfieldsdialog.ui,AssignFieldsDialog,GtkDialog,bottom-right-notification-form,default,
sw/uiconfig/swriter/ui/assignstylesdialog.ui,AssignStylesDialog,GtkDialog,bottom-right-notification-form,default,
sw/uiconfig/swriter/ui/attachnamedialog.ui,AttachNameDialog,GtkMessageDialog,bottom-right-notification-form,default,
sw/uiconfig/swriter/ui/authenticationsettingsdialog.ui,AuthenticationSettingsDialog,GtkDialog,bottom-right-notification-form,default,
sw/uiconfig/swriter/ui/autoformattable.ui,AutoFormatTableDialog,GtkDialog,bottom-right-notification-form,default,
sw/uiconfig/swriter/ui/autotext.ui,AutoTextDialog,GtkDialog,bottom-right-notification-form,default,
sw/uiconfig/swriter/ui/bibliographyentry.ui,BibliographyEntryDialog,GtkDialog,bottom-right-notification-form,default,
sw/uiconfig/swriter/ui/bulletsandnumbering.ui,BulletsAndNumberingDialog,GtkDialog,bottom-right-notification-form,default,
sw/uiconfig/swriter/ui/cannotsavelabeldialog.ui,CannotSaveLabelDialog,GtkMessageDialog,bottom-right-notification-form,default,
sw/uiconfig/swriter/ui/captiondialog.ui,CaptionDialog,GtkDialog,bottom-right-notification-form,default,
sw/uiconfig/swriter/ui/captionoptions.ui,CaptionOptionsDialog,GtkDialog,bottom-right-notification-form,default,
sw/uiconfig/swriter/ui/ccdialog.ui,CCDialog,GtkDialog,bottom-right-notification-form,default,
sw/uiconfig/swriter/ui/characterproperties.ui,CharacterPropertiesDialog,GtkDialog,bottom-right-notification-form,default,
sw/uiconfig/swriter/ui/columndialog.ui,ColumnDialog,GtkDialog,bottom-right-notification-form,default,
sw/uiconfig/swriter/ui/columnwidth.ui,ColumnWidthDialog,GtkDialog,bottom-right-notification-form,default,
sw/uiconfig/swriter/ui/contentcontroldlg.ui,ContentControlDialog,GtkDialog,bottom-right-notification-form,default,
sw/uiconfig/swriter/ui/contentcontrollistitemdlg.ui,ContentControlListItemDialog,GtkDialog,bottom-right-notification-form,default,
sw/uiconfig/swriter/ui/converttexttable.ui,ConvertTextTableDialog,GtkDialog,bottom-right-notification-form,default,
sw/uiconfig/swriter/ui/copyfielddialog.ui,CopyFieldDialog,GtkDialog,bottom-right-notification-form,default,
sw/uiconfig/swriter/ui/createaddresslist.ui,CreateAddressList,GtkDialog,bottom-right-notification-form,default,
sw/uiconfig/swriter/ui/createauthorentry.ui,CreateAuthorEntryDialog,GtkDialog,bottom-right-notification-form,default,
sw/uiconfig/swriter/ui/createautomarkdialog.ui,CreateAutomarkDialog,GtkDialog,bottom-right-notification-form,default,
sw/uiconfig/swriter/ui/customizeaddrlistdialog.ui,CustomizeAddrListDialog,GtkDialog,bottom-right-notification-form,default,
sw/uiconfig/swriter/ui/datasourcesunavailabledialog.ui,DataSourcesUnavailableDialog,GtkMessageDialog,bottom-right-notification-form,default,
sw/uiconfig/swriter/ui/dateformfielddialog.ui,DateFormFieldDialog,GtkDialog,bottom-right-notification-form,default,
sw/uiconfig/swriter/ui/dropdownfielddialog.ui,DropdownFieldDialog,GtkDialog,bottom-right-notification-form,default,
sw/uiconfig/swriter/ui/dropdownformfielddialog.ui,DropDownFormFieldDialog,GtkDialog,bottom-right-notification-form,default,
sw/uiconfig/swriter/ui/editcategories.ui,EditCategoriesDialog,GtkDialog,bottom-right-notification-form,default,
sw/uiconfig/swriter/ui/editfielddialog.ui,EditFieldDialog,GtkDialog,bottom-right-notification-form,default,
sw/uiconfig/swriter/ui/editsectiondialog.ui,EditSectionDialog,GtkDialog,bottom-right-notification-form,default,
sw/uiconfig/swriter/ui/envdialog.ui,EnvDialog,GtkDialog,bottom-right-notification-form,default,
sw/uiconfig/swriter/ui/exchangedatabases.ui,ExchangeDatabasesDialog,GtkDialog,bottom-right-notification-form,default,
sw/uiconfig/swriter/ui/fielddialog.ui,FieldDialog,GtkDialog,bottom-right-notification-form,default,
sw/uiconfig/swriter/ui/findentrydialog.ui,FindEntryDialog,GtkDialog,bottom-right-notification-form,default,
sw/uiconfig/swriter/ui/floatingsync.ui,FloatingSync,GtkDialog,bottom-right-notification-form,default,
sw/uiconfig/swriter/ui/footendnotedialog.ui,FootEndnoteDialog,GtkDialog,bottom-right-notification-form,default,
sw/uiconfig/swriter/ui/formatsectiondialog.ui,FormatSectionDialog,GtkDialog,bottom-right-notification-form,default,
sw/uiconfig/swriter/ui/framedialog.ui,FrameDialog,GtkDialog,bottom-right-notification-form,default,
sw/uiconfig/swriter/ui/indexentry.ui,IndexEntryDialog,GtkDialog,bottom-right-notification-form,default,
sw/uiconfig/swriter/ui/infonotfounddialog.ui,InfoNotFoundDialog,GtkMessageDialog,bottom-right-notification-form,default,
sw/uiconfig/swriter/ui/inforeadonlydialog.ui,InfoReadonlyDialog,GtkMessageDialog,bottom-right-notification-form,default,
sw/uiconfig/swriter/ui/inputfielddialog.ui,InputFieldDialog,GtkDialog,bottom-right-notification-form,default,
sw/uiconfig/swriter/ui/insertautotextdialog.ui,InsertAutoTextDialog,GtkDialog,bottom-right-notification-form,default,
sw/uiconfig/swriter/ui/insertbookmark.ui,InsertBookmarkDialog,GtkDialog,bottom-right-notification-form,default,
sw/uiconfig/swriter/ui/insertbreak.ui,BreakDialog,GtkDialog,bottom-right-notification-form,default,
sw/uiconfig/swriter/ui/insertcaption.ui,InsertCaptionDialog,GtkDialog,bottom-right-notification-form,default,
sw/uiconfig/swriter/ui/insertdbcolumnsdialog.ui,InsertDbColumnsDialog,GtkDialog,bottom-right-notification-form,default,
sw/uiconfig/swriter/ui/insertfootnote.ui,InsertFootnoteDialog,GtkDialog,bottom-right-notification-form,default,
sw/uiconfig/swriter/ui/insertscript.ui,InsertScriptDialog,GtkDialog,bottom-right-notification-form,default,
sw/uiconfig/swriter/ui/insertsectiondialog.ui,InsertSectionDialog,GtkDialog,bottom-right-notification-form,default,
sw/uiconfig/swriter/ui/inserttable.ui,InsertTableDialog,GtkDialog,bottom-right-notification-form,default,
sw/uiconfig/swriter/ui/labeldialog.ui,LabelDialog,GtkDialog,bottom-right-notification-form,default,
sw/uiconfig/swriter/ui/linenumbering.ui,LineNumberingDialog,GtkDialog,bottom-right-notification-form,default,
sw/uiconfig/swriter/ui/mailmerge.ui,MailmergeDialog,GtkDialog,bottom-right-notification-form,default,
sw/uiconfig/swriter/ui/mailmergedialog.ui,MailMergeDialog,GtkDialog,bottom-right-notification-form,default,
sw/uiconfig/swriter/ui/mergeconnectdialog.ui,MergeConnectDialog,GtkDialog,bottom-right-notification-form,default,
sw/uiconfig/swriter/ui/mergetabledialog.ui,MergeTableDialog,GtkDialog,bottom-right-notification-form,default,
sw/uiconfig/swriter/ui/mmcreatingdialog.ui,MMCreatingDialog,GtkDialog,bottom-right-notification-form,default,
sw/uiconfig/swriter/ui/mmmailbody.ui,MailBodyDialog,GtkDialog,bottom-right-notification-form,default,
sw/uiconfig/swriter/ui/mmresultemaildialog.ui,MMResultEmailDialog,GtkDialog,bottom-right-notification-form,default,
sw/uiconfig/swriter/ui/mmresultprintdialog.ui,MMResultPrintDialog,GtkDialog,bottom-right-notification-form,default,
sw/uiconfig/swriter/ui/mmresultsavedialog.ui,MMResultSaveDialog,GtkDialog,bottom-right-notification-form,default,
sw/uiconfig/swriter/ui/mmsendmails.ui,SendMailsDialog,GtkDialog,bottom-right-notification-form,default,
sw/uiconfig/swriter/ui/newuserindexdialog.ui,NewUserIndexDialog,GtkDialog,bottom-right-notification-form,default,
sw/uiconfig/swriter/ui/numberingnamedialog.ui,NumberingNameDialog,GtkDialog,bottom-right-notification-form,default,
sw/uiconfig/swriter/ui/numberinput.ui,NumberInputDialog,GtkDialog,bottom-right-notification-form,default,
sw/uiconfig/swriter/ui/objectdialog.ui,ObjectDialog,GtkDialog,bottom-right-notification-form,default,
sw/uiconfig/swriter/ui/outlinenumbering.ui,OutlineNumberingDialog,GtkDialog,bottom-right-notification-form,default,
sw/uiconfig/swriter/ui/pagenumberdlg.ui,PageNumberDialog,GtkDialog,bottom-right-notification-form,default,
sw/uiconfig/swriter/ui/paradialog.ui,ParagraphPropertiesDialog,GtkDialog,bottom-right-notification-form,default,
sw/uiconfig/swriter/ui/picturedialog.ui,PictureDialog,GtkDialog,bottom-right-notification-form,default,
sw/uiconfig/swriter/ui/previewzoomdialog.ui,PreviewZoomDialog,GtkDialog,bottom-right-notification-form,default,
sw/uiconfig/swriter/ui/printmergedialog.ui,PrintMergeDialog,GtkMessageDialog,bottom-right-notification-form,default,
sw/uiconfig/swriter/ui/printmonitordialog.ui,PrintMonitorDialog,GtkDialog,bottom-right-notification-form,default,
sw/uiconfig/swriter/ui/querycontinuebegindialog.ui,QueryContinueBeginDialog,GtkMessageDialog,bottom-right-notification-form,default,
sw/uiconfig/swriter/ui/querycontinueenddialog.ui,QueryContinueEndDialog,GtkMessageDialog,bottom-right-notification-form,default,
sw/uiconfig/swriter/ui/querydefaultcompatdialog.ui,QueryDefaultCompatDialog,GtkMessageDialog,bottom-right-notification-form,default,
sw/uiconfig/swriter/ui/querysavelabeldialog.ui,QuerySaveLabelDialog,GtkMessageDialog,bottom-right-notification-form,default,
sw/uiconfig/swriter/ui/renameautotextdialog.ui,RenameAutoTextDialog,GtkDialog,bottom-right-notification-form,default,
sw/uiconfig/swriter/ui/renameentrydialog.ui,RenameEntryDialog,GtkDialog,bottom-right-notification-form,default,
sw/uiconfig/swriter/ui/renameobjectdialog.ui,RenameObjectDialog,GtkDialog,bottom-right-notification-form,default,
sw/uiconfig/swriter/ui/rowheight.ui,RowHeightDialog,GtkDialog,bottom-right-notification-form,default,
sw/uiconfig/swriter/ui/saveashtmldialog.ui,SaveAsHTMLDialog,GtkMessageDialog,bottom-right-notification-form,default,
sw/uiconfig/swriter/ui/savelabeldialog.ui,SaveLabelDialog,GtkDialog,bottom-right-notification-form,default,
sw/uiconfig/swriter/ui/savemonitordialog.ui,SaveMonitorDialog,GtkDialog,bottom-right-notification-form,default,
sw/uiconfig/swriter/ui/selectaddressdialog.ui,SelectAddressDialog,GtkDialog,bottom-right-notification-form,default,
sw/uiconfig/swriter/ui/selectautotextdialog.ui,SelectAutoTextDialog,GtkDialog,bottom-right-notification-form,default,
sw/uiconfig/swriter/ui/selectblockdialog.ui,SelectBlockDialog,GtkDialog,bottom-right-notification-form,default,
sw/uiconfig/swriter/ui/selectindexdialog.ui,SelectIndexDialog,GtkDialog,bottom-right-notification-form,default,
sw/uiconfig/swriter/ui/selecttabledialog.ui,SelectTableDialog,GtkDialog,bottom-right-notification-form,default,
sw/uiconfig/swriter/ui/sortdialog.ui,SortDialog,GtkDialog,bottom-right-notification-form,default,
sw/uiconfig/swriter/ui/splittable.ui,SplitTableDialog,GtkDialog,bottom-right-notification-form,default,
sw/uiconfig/swriter/ui/stringinput.ui,StringInputDialog,GtkDialog,bottom-right-notification-form,default,
sw/uiconfig/swriter/ui/subjectdialog.ui,SubjectDialog,GtkMessageDialog,bottom-right-notification-form,default,
sw/uiconfig/swriter/ui/tablepreviewdialog.ui,TablePreviewDialog,GtkDialog,bottom-right-notification-form,default,
sw/uiconfig/swriter/ui/tableproperties.ui,TablePropertiesDialog,GtkDialog,bottom-right-notification-form,default,
sw/uiconfig/swriter/ui/templatedialog1.ui,TemplateDialog1,GtkDialog,bottom-right-notification-form,default,
sw/uiconfig/swriter/ui/templatedialog16.ui,TemplateDialog16,GtkDialog,bottom-right-notification-form,default,
sw/uiconfig/swriter/ui/templatedialog2.ui,TemplateDialog2,GtkDialog,bottom-right-notification-form,default,
sw/uiconfig/swriter/ui/templatedialog4.ui,TemplateDialog4,GtkDialog,bottom-right-notification-form,default,
sw/uiconfig/swriter/ui/templatedialog8.ui,TemplateDialog8,GtkDialog,bottom-right-notification-form,default,
sw/uiconfig/swriter/ui/testmailsettings.ui,TestMailSettings,GtkDialog,bottom-right-notification-form,default,
sw/uiconfig/swriter/ui/titlepage.ui,DLG_TITLEPAGE,GtkDialog,bottom-right-notification-form,default,
sw/uiconfig/swriter/ui/tocdialog.ui,TocDialog,GtkDialog,bottom-right-notification-form,default,
sw/uiconfig/swriter/ui/warndatasourcedialog.ui,WarnDataSourceDialog,GtkMessageDialog,bottom-right-notification-form,default,
sw/uiconfig/swriter/ui/warnemaildialog.ui,WarnEmailDialog,GtkMessageDialog,bottom-right-notification-form,default,
sw/uiconfig/swriter/ui/warnhiddensectiondialog.ui,WarnHiddenSectionDialog,GtkMessageDialog,bottom-right-notification-form,default,
sw/uiconfig/swriter/ui/watermarkdialog.ui,WatermarkDialog,GtkDialog,bottom-right-notification-form,default,
sw/uiconfig/swriter/ui/wordcount.ui,WordCountDialog,GtkDialog,bottom-right-notification-form,default,
sw/uiconfig/swriter/ui/wrapdialog.ui,WrapDialog,GtkDialog,bottom-right-notification-form,default,
uui/uiconfig/ui/authfallback.ui,AuthFallbackDlg,GtkDialog,bottom-right-notification-form,default,
uui/uiconfig/ui/filterselect.ui,FilterSelectDialog,GtkDialog,bottom-right-notification-form,default,
uui/uiconfig/ui/logindialog.ui,LoginDialog,GtkDialog,bottom-right-notification-form,default,
uui/uiconfig/ui/macrowarnmedium.ui,MacroWarnMedium,GtkMessageDialog,bottom-right-notification-form,default,
uui/uiconfig/ui/masterpassworddlg.ui,MasterPasswordDialog,GtkDialog,bottom-right-notification-form,default,
uui/uiconfig/ui/password.ui,PasswordDialog,GtkDialog,bottom-right-notification-form,default,
uui/uiconfig/ui/setmasterpassworddlg.ui,SetMasterPasswordDialog,GtkDialog,bottom-right-notification-form,default,
uui/uiconfig/ui/simplenameclash.ui,SimpleNameClashDialog,GtkDialog,bottom-right-notification-form,default,
uui/uiconfig/ui/sslwarndialog.ui,SSLWarnDialog,GtkMessageDialog,bottom-right-notification-form,default,
uui/uiconfig/ui/unknownauthdialog.ui,UnknownAuthDialog,GtkMessageDialog,bottom-right-notification-form,default,
vcl/qa/cppunit/data/treeviewtest.ui,,GtkDialog,bottom-right-notification-form,default,
vcl/uiconfig/ui/cupspassworddialog.ui,CUPSPasswordDialog,GtkDialog,bottom-right-notification-form,default,
vcl/uiconfig/ui/errornocontentdialog.ui,ErrorNoContentDialog,GtkMessageDialog,bottom-right-notification-form,default,
vcl/uiconfig/ui/errornoprinterdialog.ui,ErrorNoPrinterDialog,GtkMessageDialog,bottom-right-notification-form,default,
vcl/uiconfig/ui/openlockedquerybox.ui,OpenLockedQueryBox,GtkDialog,bottom-right-notification-form,default,
vcl/uiconfig/ui/printdialog.ui,PrintDialog,GtkDialog,bottom-right-notification-form,default,
vcl/uiconfig/ui/printerpropertiesdialog.ui,PrinterPropertiesDialog,GtkDialog,bottom-right-notification-form,default,
vcl/uiconfig/ui/printprogressdialog.ui,PrintProgressDialog,GtkDialog,bottom-right-notification-form,default,
vcl/uiconfig/ui/querydialog.ui,QueryDialog,GtkDialog,bottom-right-notification-form,default,
vcl/uiconfig/ui/screenshotparent.ui,ScreenShot,GtkDialog,bottom-right-notification-form,default,
vcl/uiconfig/ui/wizard.ui,Wizard,GtkAssistant,bottom-right-notification-form,default,
writerperfect/uiconfig/ui/exportepub.ui,EpubDialog,GtkDialog,bottom-right-notification-form,default,
writerperfect/uiconfig/ui/wpftencodingdialog.ui,WPFTEncodingDialog,GtkDialog,bottom-right-notification-form,default,
xmlsecurity/uiconfig/ui/digitalsignaturesdialog.ui,DigitalSignaturesDialog,GtkDialog,bottom-right-notification-form,default,
xmlsecurity/uiconfig/ui/macrosecuritydialog.ui,MacroSecurityDialog,GtkDialog,bottom-right-notification-form,default,
xmlsecurity/uiconfig/ui/selectcertificatedialog.ui,SelectCertificateDialog,GtkDialog,bottom-right-notification-form,default,
xmlsecurity/uiconfig/ui/viewcertdialog.ui,ViewCertDialog,GtkDialog,bottom-right-notification-form,default,
